{
  "AWSTemplateFormatVersion": "2010-09-09",
  "Description": "The AWS CloudFormation template for this Serverless application",
  "Resources": {
    "ServerlessDeploymentBucket": {
      "Type": "AWS::S3::Bucket",
      "Properties": {
        "BucketEncryption": {
          "ServerSideEncryptionConfiguration": [
            {
              "ServerSideEncryptionByDefault": {
                "SSEAlgorithm": "AES256"
              }
            }
          ]
        }
      }
    },
    "ServerlessDeploymentBucketPolicy": {
      "Type": "AWS::S3::BucketPolicy",
      "Properties": {
        "Bucket": {
          "Ref": "ServerlessDeploymentBucket"
        },
        "PolicyDocument": {
          "Statement": [
            {
              "Action": "s3:*",
              "Effect": "Deny",
              "Principal": "*",
              "Resource": [
                {
                  "Fn::Join": [
                    "",
                    [
                      "arn:",
                      {
                        "Ref": "AWS::Partition"
                      },
                      ":s3:::",
                      {
                        "Ref": "ServerlessDeploymentBucket"
                      },
                      "/*"
                    ]
                  ]
                },
                {
                  "Fn::Join": [
                    "",
                    [
                      "arn:",
                      {
                        "Ref": "AWS::Partition"
                      },
                      ":s3:::",
                      {
                        "Ref": "ServerlessDeploymentBucket"
                      }
                    ]
                  ]
                }
              ],
              "Condition": {
                "Bool": {
                  "aws:SecureTransport": false
                }
              }
            }
          ]
        }
      }
    },
    "ApiLogGroup": {
      "Type": "AWS::Logs::LogGroup",
      "Properties": {
        "LogGroupName": "/aws/lambda/table-yes-project-dev-api"
      }
    },
    "CandidateSubmissionLogGroup": {
      "Type": "AWS::Logs::LogGroup",
      "Properties": {
        "LogGroupName": "/aws/lambda/table-yes-project-dev-candidateSubmission"
      }
    },
    "ListCandidatesLogGroup": {
      "Type": "AWS::Logs::LogGroup",
      "Properties": {
        "LogGroupName": "/aws/lambda/table-yes-project-dev-listCandidates"
      }
    },
    "CandidateDetailsLogGroup": {
      "Type": "AWS::Logs::LogGroup",
      "Properties": {
        "LogGroupName": "/aws/lambda/table-yes-project-dev-candidateDetails"
      }
    },
    "LoginUserLogGroup": {
      "Type": "AWS::Logs::LogGroup",
      "Properties": {
        "LogGroupName": "/aws/lambda/table-yes-project-dev-loginUser"
      }
    },
    "SignupUserLogGroup": {
      "Type": "AWS::Logs::LogGroup",
      "Properties": {
        "LogGroupName": "/aws/lambda/table-yes-project-dev-signupUser"
      }
    },
    "PrivateAPILogGroup": {
      "Type": "AWS::Logs::LogGroup",
      "Properties": {
        "LogGroupName": "/aws/lambda/table-yes-project-dev-privateAPI"
      }
    },
    "IamRoleLambdaExecution": {
      "Type": "AWS::IAM::Role",
      "Properties": {
        "AssumeRolePolicyDocument": {
          "Version": "2012-10-17",
          "Statement": [
            {
              "Effect": "Allow",
              "Principal": {
                "Service": [
                  "lambda.amazonaws.com"
                ]
              },
              "Action": [
                "sts:AssumeRole"
              ]
            }
          ]
        },
        "Policies": [
          {
            "PolicyName": {
              "Fn::Join": [
                "-",
                [
                  "table-yes-project",
                  "dev",
                  "lambda"
                ]
              ]
            },
            "PolicyDocument": {
              "Version": "2012-10-17",
              "Statement": [
                {
                  "Effect": "Allow",
                  "Action": [
                    "logs:CreateLogStream",
                    "logs:CreateLogGroup"
                  ],
                  "Resource": [
                    {
                      "Fn::Sub": "arn:${AWS::Partition}:logs:${AWS::Region}:${AWS::AccountId}:log-group:/aws/lambda/table-yes-project-dev*:*"
                    }
                  ]
                },
                {
                  "Effect": "Allow",
                  "Action": [
                    "logs:PutLogEvents"
                  ],
                  "Resource": [
                    {
                      "Fn::Sub": "arn:${AWS::Partition}:logs:${AWS::Region}:${AWS::AccountId}:log-group:/aws/lambda/table-yes-project-dev*:*:*"
                    }
                  ]
                },
                {
                  "Effect": "Allow",
                  "Action": [
                    "dynamodb:Query",
                    "dynamodb:Scan",
                    "dynamodb:GetItem",
                    "dynamodb:PutItem",
                    "dynamodb:UpdateItem",
                    "dynamodb:DeleteItem"
                  ],
                  "Resource": [
                    {
                      "Fn::GetAtt": [
                        "UsersTable",
                        "Arn"
                      ]
                    }
                  ]
                }
              ]
            }
          }
        ],
        "Path": "/",
        "RoleName": {
          "Fn::Join": [
            "-",
            [
              "table-yes-project",
              "dev",
              {
                "Ref": "AWS::Region"
              },
              "lambdaRole"
            ]
          ]
        }
      }
    },
    "EnterpriseLogAccessIamRole": {
      "Type": "AWS::IAM::Role",
      "Properties": {
        "AssumeRolePolicyDocument": {
          "Version": "2012-10-17",
          "Statement": [
            {
              "Effect": "Allow",
              "Principal": {
                "AWS": "arn:aws:iam::802587217904:root"
              },
              "Action": "sts:AssumeRole",
              "Condition": {
                "StringEquals": {
                  "sts:ExternalId": "ServerlessEnterprise-ef5717ae-18ab-4741-a54e-bcc458ddc002"
                }
              }
            }
          ]
        },
        "Policies": [
          {
            "PolicyName": "LogFilterAccess",
            "PolicyDocument": {
              "Version": "2012-10-17",
              "Statement": [
                {
                  "Effect": "Allow",
                  "Action": [
                    "logs:FilterLogEvents"
                  ],
                  "Resource": [
                    {
                      "Fn::GetAtt": [
                        "ApiLogGroup",
                        "Arn"
                      ]
                    },
                    {
                      "Fn::GetAtt": [
                        "CandidateSubmissionLogGroup",
                        "Arn"
                      ]
                    },
                    {
                      "Fn::GetAtt": [
                        "ListCandidatesLogGroup",
                        "Arn"
                      ]
                    },
                    {
                      "Fn::GetAtt": [
                        "CandidateDetailsLogGroup",
                        "Arn"
                      ]
                    },
                    {
                      "Fn::GetAtt": [
                        "LoginUserLogGroup",
                        "Arn"
                      ]
                    },
                    {
                      "Fn::GetAtt": [
                        "SignupUserLogGroup",
                        "Arn"
                      ]
                    },
                    {
                      "Fn::GetAtt": [
                        "PrivateAPILogGroup",
                        "Arn"
                      ]
                    }
                  ]
                }
              ]
            }
          }
        ]
      }
    },
    "ApiLambdaFunction": {
      "Type": "AWS::Lambda::Function",
      "Properties": {
        "Code": {
          "S3Bucket": {
            "Ref": "ServerlessDeploymentBucket"
          },
          "S3Key": "serverless/table-yes-project/dev/1668308162317-2022-11-13T02:56:02.317Z/table-yes-project.zip"
        },
        "Handler": "s_api.handler",
        "Runtime": "nodejs14.x",
        "FunctionName": "table-yes-project-dev-api",
        "MemorySize": 1024,
        "Timeout": 6,
        "Environment": {
          "Variables": {
            "USERS_TABLE": "users-table-dev"
          }
        },
        "Role": {
          "Fn::GetAtt": [
            "IamRoleLambdaExecution",
            "Arn"
          ]
        }
      },
      "DependsOn": [
        "ApiLogGroup"
      ]
    },
    "CandidateSubmissionLambdaFunction": {
      "Type": "AWS::Lambda::Function",
      "Properties": {
        "Code": {
          "S3Bucket": {
            "Ref": "ServerlessDeploymentBucket"
          },
          "S3Key": "serverless/table-yes-project/dev/1668308162317-2022-11-13T02:56:02.317Z/table-yes-project.zip"
        },
        "Handler": "s_candidateSubmission.handler",
        "Runtime": "nodejs14.x",
        "FunctionName": "table-yes-project-dev-candidateSubmission",
        "MemorySize": 128,
        "Timeout": 6,
        "Description": "Submit candidate information and starts interview process.",
        "Environment": {
          "Variables": {
            "USERS_TABLE": "users-table-dev"
          }
        },
        "Role": {
          "Fn::GetAtt": [
            "IamRoleLambdaExecution",
            "Arn"
          ]
        }
      },
      "DependsOn": [
        "CandidateSubmissionLogGroup"
      ]
    },
    "ListCandidatesLambdaFunction": {
      "Type": "AWS::Lambda::Function",
      "Properties": {
        "Code": {
          "S3Bucket": {
            "Ref": "ServerlessDeploymentBucket"
          },
          "S3Key": "serverless/table-yes-project/dev/1668308162317-2022-11-13T02:56:02.317Z/table-yes-project.zip"
        },
        "Handler": "s_listCandidates.handler",
        "Runtime": "nodejs14.x",
        "FunctionName": "table-yes-project-dev-listCandidates",
        "MemorySize": 128,
        "Timeout": 6,
        "Description": "List all candidates",
        "Environment": {
          "Variables": {
            "USERS_TABLE": "users-table-dev"
          }
        },
        "Role": {
          "Fn::GetAtt": [
            "IamRoleLambdaExecution",
            "Arn"
          ]
        }
      },
      "DependsOn": [
        "ListCandidatesLogGroup"
      ]
    },
    "CandidateDetailsLambdaFunction": {
      "Type": "AWS::Lambda::Function",
      "Properties": {
        "Code": {
          "S3Bucket": {
            "Ref": "ServerlessDeploymentBucket"
          },
          "S3Key": "serverless/table-yes-project/dev/1668308162317-2022-11-13T02:56:02.317Z/table-yes-project.zip"
        },
        "Handler": "s_candidateDetails.handler",
        "Runtime": "nodejs14.x",
        "FunctionName": "table-yes-project-dev-candidateDetails",
        "MemorySize": 1024,
        "Timeout": 6,
        "Description": "List specific candidate detail",
        "Environment": {
          "Variables": {
            "USERS_TABLE": "users-table-dev"
          }
        },
        "Role": {
          "Fn::GetAtt": [
            "IamRoleLambdaExecution",
            "Arn"
          ]
        }
      },
      "DependsOn": [
        "CandidateDetailsLogGroup"
      ]
    },
    "LoginUserLambdaFunction": {
      "Type": "AWS::Lambda::Function",
      "Properties": {
        "Code": {
          "S3Bucket": {
            "Ref": "ServerlessDeploymentBucket"
          },
          "S3Key": "serverless/table-yes-project/dev/1668308162317-2022-11-13T02:56:02.317Z/table-yes-project.zip"
        },
        "Handler": "s_loginUser.handler",
        "Runtime": "nodejs14.x",
        "FunctionName": "table-yes-project-dev-loginUser",
        "MemorySize": 1024,
        "Timeout": 6,
        "Environment": {
          "Variables": {
            "USERS_TABLE": "users-table-dev"
          }
        },
        "Role": {
          "Fn::GetAtt": [
            "IamRoleLambdaExecution",
            "Arn"
          ]
        }
      },
      "DependsOn": [
        "LoginUserLogGroup"
      ]
    },
    "SignupUserLambdaFunction": {
      "Type": "AWS::Lambda::Function",
      "Properties": {
        "Code": {
          "S3Bucket": {
            "Ref": "ServerlessDeploymentBucket"
          },
          "S3Key": "serverless/table-yes-project/dev/1668308162317-2022-11-13T02:56:02.317Z/table-yes-project.zip"
        },
        "Handler": "s_signupUser.handler",
        "Runtime": "nodejs14.x",
        "FunctionName": "table-yes-project-dev-signupUser",
        "MemorySize": 1024,
        "Timeout": 6,
        "Environment": {
          "Variables": {
            "USERS_TABLE": "users-table-dev"
          }
        },
        "Role": {
          "Fn::GetAtt": [
            "IamRoleLambdaExecution",
            "Arn"
          ]
        }
      },
      "DependsOn": [
        "SignupUserLogGroup"
      ]
    },
    "PrivateAPILambdaFunction": {
      "Type": "AWS::Lambda::Function",
      "Properties": {
        "Code": {
          "S3Bucket": {
            "Ref": "ServerlessDeploymentBucket"
          },
          "S3Key": "serverless/table-yes-project/dev/1668308162317-2022-11-13T02:56:02.317Z/table-yes-project.zip"
        },
        "Handler": "s_privateAPI.handler",
        "Runtime": "nodejs14.x",
        "FunctionName": "table-yes-project-dev-privateAPI",
        "MemorySize": 1024,
        "Timeout": 6,
        "Environment": {
          "Variables": {
            "USERS_TABLE": "users-table-dev"
          }
        },
        "Role": {
          "Fn::GetAtt": [
            "IamRoleLambdaExecution",
            "Arn"
          ]
        }
      },
      "DependsOn": [
        "PrivateAPILogGroup"
      ]
    },
    "ApiLambdaVersionuGzTZoO3helbez3AcGj9W2gjaJCiqFLd0Ma3oCkKVE": {
      "Type": "AWS::Lambda::Version",
      "DeletionPolicy": "Retain",
      "Properties": {
        "FunctionName": {
          "Ref": "ApiLambdaFunction"
        },
        "CodeSha256": "ldnFu5RAqNAZ92Wv4Z3jnFDLHUAtQzsmLoorgLW6gwI="
      }
    },
    "CandidateSubmissionLambdaVersion2TqOVCw1hQI43ijCIEK468m7mLpCf3aNRcsQrTXtSU": {
      "Type": "AWS::Lambda::Version",
      "DeletionPolicy": "Retain",
      "Properties": {
        "FunctionName": {
          "Ref": "CandidateSubmissionLambdaFunction"
        },
        "CodeSha256": "ldnFu5RAqNAZ92Wv4Z3jnFDLHUAtQzsmLoorgLW6gwI=",
        "Description": "Submit candidate information and starts interview process."
      }
    },
    "ListCandidatesLambdaVersionUhV3sH6cdYrF3PNSaSTF9R90RFl65XtpZVutjQmI0": {
      "Type": "AWS::Lambda::Version",
      "DeletionPolicy": "Retain",
      "Properties": {
        "FunctionName": {
          "Ref": "ListCandidatesLambdaFunction"
        },
        "CodeSha256": "ldnFu5RAqNAZ92Wv4Z3jnFDLHUAtQzsmLoorgLW6gwI=",
        "Description": "List all candidates"
      }
    },
    "CandidateDetailsLambdaVersionoyVciL5qCaObJ1o5auKx2HdFmLeE39tSOxWjzc0Hw4": {
      "Type": "AWS::Lambda::Version",
      "DeletionPolicy": "Retain",
      "Properties": {
        "FunctionName": {
          "Ref": "CandidateDetailsLambdaFunction"
        },
        "CodeSha256": "ldnFu5RAqNAZ92Wv4Z3jnFDLHUAtQzsmLoorgLW6gwI=",
        "Description": "List specific candidate detail"
      }
    },
    "LoginUserLambdaVersionNGIlebBd4DtgF4XosbKWzdxgIOrxBgJKSzNevNpT8s": {
      "Type": "AWS::Lambda::Version",
      "DeletionPolicy": "Retain",
      "Properties": {
        "FunctionName": {
          "Ref": "LoginUserLambdaFunction"
        },
        "CodeSha256": "ldnFu5RAqNAZ92Wv4Z3jnFDLHUAtQzsmLoorgLW6gwI="
      }
    },
    "SignupUserLambdaVersionu2g7lhQC0YsjDq1zAU17hokTIXZD5vaRPTBN3VgFAP4": {
      "Type": "AWS::Lambda::Version",
      "DeletionPolicy": "Retain",
      "Properties": {
        "FunctionName": {
          "Ref": "SignupUserLambdaFunction"
        },
        "CodeSha256": "ldnFu5RAqNAZ92Wv4Z3jnFDLHUAtQzsmLoorgLW6gwI="
      }
    },
    "PrivateAPILambdaVersionTWyDMi73sRoCTwnC4NSbQa4xUp0A1TsG5zXgnyAxcc": {
      "Type": "AWS::Lambda::Version",
      "DeletionPolicy": "Retain",
      "Properties": {
        "FunctionName": {
          "Ref": "PrivateAPILambdaFunction"
        },
        "CodeSha256": "ldnFu5RAqNAZ92Wv4Z3jnFDLHUAtQzsmLoorgLW6gwI="
      }
    },
    "ApiGatewayRestApi": {
      "Type": "AWS::ApiGateway::RestApi",
      "Properties": {
        "Name": "dev-table-yes-project",
        "EndpointConfiguration": {
          "Types": [
            "EDGE"
          ]
        },
        "Policy": ""
      }
    },
    "ApiGatewayResourceCandidates": {
      "Type": "AWS::ApiGateway::Resource",
      "Properties": {
        "ParentId": {
          "Fn::GetAtt": [
            "ApiGatewayRestApi",
            "RootResourceId"
          ]
        },
        "PathPart": "candidates",
        "RestApiId": {
          "Ref": "ApiGatewayRestApi"
        }
      }
    },
    "ApiGatewayResourceCandidatesIdVar": {
      "Type": "AWS::ApiGateway::Resource",
      "Properties": {
        "ParentId": {
          "Ref": "ApiGatewayResourceCandidates"
        },
        "PathPart": "{id}",
        "RestApiId": {
          "Ref": "ApiGatewayRestApi"
        }
      }
    },
    "ApiGatewayResourceApi": {
      "Type": "AWS::ApiGateway::Resource",
      "Properties": {
        "ParentId": {
          "Fn::GetAtt": [
            "ApiGatewayRestApi",
            "RootResourceId"
          ]
        },
        "PathPart": "api",
        "RestApiId": {
          "Ref": "ApiGatewayRestApi"
        }
      }
    },
    "ApiGatewayResourceApiLogin": {
      "Type": "AWS::ApiGateway::Resource",
      "Properties": {
        "ParentId": {
          "Ref": "ApiGatewayResourceApi"
        },
        "PathPart": "login",
        "RestApiId": {
          "Ref": "ApiGatewayRestApi"
        }
      }
    },
    "ApiGatewayResourceApiSignup": {
      "Type": "AWS::ApiGateway::Resource",
      "Properties": {
        "ParentId": {
          "Ref": "ApiGatewayResourceApi"
        },
        "PathPart": "signup",
        "RestApiId": {
          "Ref": "ApiGatewayRestApi"
        }
      }
    },
    "ApiGatewayResourceApiPrivate": {
      "Type": "AWS::ApiGateway::Resource",
      "Properties": {
        "ParentId": {
          "Ref": "ApiGatewayResourceApi"
        },
        "PathPart": "private",
        "RestApiId": {
          "Ref": "ApiGatewayRestApi"
        }
      }
    },
    "ApiGatewayMethodCandidatesOptions": {
      "Type": "AWS::ApiGateway::Method",
      "Properties": {
        "AuthorizationType": "NONE",
        "HttpMethod": "OPTIONS",
        "MethodResponses": [
          {
            "StatusCode": "200",
            "ResponseParameters": {
              "method.response.header.Access-Control-Allow-Origin": true,
              "method.response.header.Access-Control-Allow-Headers": true,
              "method.response.header.Access-Control-Allow-Methods": true
            },
            "ResponseModels": {}
          }
        ],
        "RequestParameters": {},
        "Integration": {
          "Type": "MOCK",
          "RequestTemplates": {
            "application/json": "{statusCode:200}"
          },
          "ContentHandling": "CONVERT_TO_TEXT",
          "IntegrationResponses": [
            {
              "StatusCode": "200",
              "ResponseParameters": {
                "method.response.header.Access-Control-Allow-Origin": "'*'",
                "method.response.header.Access-Control-Allow-Headers": "'Content-Type,X-Amz-Date,Authorization,X-Api-Key,X-Amz-Security-Token,X-Amz-User-Agent,X-Amzn-Trace-Id'",
                "method.response.header.Access-Control-Allow-Methods": "'OPTIONS,GET'"
              },
              "ResponseTemplates": {
                "application/json": ""
              }
            }
          ]
        },
        "ResourceId": {
          "Ref": "ApiGatewayResourceCandidates"
        },
        "RestApiId": {
          "Ref": "ApiGatewayRestApi"
        }
      }
    },
    "ApiGatewayMethodApiLoginOptions": {
      "Type": "AWS::ApiGateway::Method",
      "Properties": {
        "AuthorizationType": "NONE",
        "HttpMethod": "OPTIONS",
        "MethodResponses": [
          {
            "StatusCode": "200",
            "ResponseParameters": {
              "method.response.header.Access-Control-Allow-Origin": true,
              "method.response.header.Access-Control-Allow-Headers": true,
              "method.response.header.Access-Control-Allow-Methods": true
            },
            "ResponseModels": {}
          }
        ],
        "RequestParameters": {},
        "Integration": {
          "Type": "MOCK",
          "RequestTemplates": {
            "application/json": "{statusCode:200}"
          },
          "ContentHandling": "CONVERT_TO_TEXT",
          "IntegrationResponses": [
            {
              "StatusCode": "200",
              "ResponseParameters": {
                "method.response.header.Access-Control-Allow-Origin": "'*'",
                "method.response.header.Access-Control-Allow-Headers": "'Content-Type,X-Amz-Date,Authorization,X-Api-Key,X-Amz-Security-Token,X-Amz-User-Agent,X-Amzn-Trace-Id'",
                "method.response.header.Access-Control-Allow-Methods": "'OPTIONS,POST'"
              },
              "ResponseTemplates": {
                "application/json": ""
              }
            }
          ]
        },
        "ResourceId": {
          "Ref": "ApiGatewayResourceApiLogin"
        },
        "RestApiId": {
          "Ref": "ApiGatewayRestApi"
        }
      }
    },
    "ApiGatewayMethodApiSignupOptions": {
      "Type": "AWS::ApiGateway::Method",
      "Properties": {
        "AuthorizationType": "NONE",
        "HttpMethod": "OPTIONS",
        "MethodResponses": [
          {
            "StatusCode": "200",
            "ResponseParameters": {
              "method.response.header.Access-Control-Allow-Origin": true,
              "method.response.header.Access-Control-Allow-Headers": true,
              "method.response.header.Access-Control-Allow-Methods": true
            },
            "ResponseModels": {}
          }
        ],
        "RequestParameters": {},
        "Integration": {
          "Type": "MOCK",
          "RequestTemplates": {
            "application/json": "{statusCode:200}"
          },
          "ContentHandling": "CONVERT_TO_TEXT",
          "IntegrationResponses": [
            {
              "StatusCode": "200",
              "ResponseParameters": {
                "method.response.header.Access-Control-Allow-Origin": "'*'",
                "method.response.header.Access-Control-Allow-Headers": "'Content-Type,X-Amz-Date,Authorization,X-Api-Key,X-Amz-Security-Token,X-Amz-User-Agent,X-Amzn-Trace-Id'",
                "method.response.header.Access-Control-Allow-Methods": "'OPTIONS,POST'"
              },
              "ResponseTemplates": {
                "application/json": ""
              }
            }
          ]
        },
        "ResourceId": {
          "Ref": "ApiGatewayResourceApiSignup"
        },
        "RestApiId": {
          "Ref": "ApiGatewayRestApi"
        }
      }
    },
    "ApiGatewayMethodApiPrivateOptions": {
      "Type": "AWS::ApiGateway::Method",
      "Properties": {
        "AuthorizationType": "NONE",
        "HttpMethod": "OPTIONS",
        "MethodResponses": [
          {
            "StatusCode": "200",
            "ResponseParameters": {
              "method.response.header.Access-Control-Allow-Origin": true,
              "method.response.header.Access-Control-Allow-Headers": true,
              "method.response.header.Access-Control-Allow-Methods": true
            },
            "ResponseModels": {}
          }
        ],
        "RequestParameters": {},
        "Integration": {
          "Type": "MOCK",
          "RequestTemplates": {
            "application/json": "{statusCode:200}"
          },
          "ContentHandling": "CONVERT_TO_TEXT",
          "IntegrationResponses": [
            {
              "StatusCode": "200",
              "ResponseParameters": {
                "method.response.header.Access-Control-Allow-Origin": "'*'",
                "method.response.header.Access-Control-Allow-Headers": "'Content-Type,X-Amz-Date,Authorization,X-Api-Key,X-Amz-Security-Token,X-Amz-User-Agent,X-Amzn-Trace-Id'",
                "method.response.header.Access-Control-Allow-Methods": "'OPTIONS,POST'"
              },
              "ResponseTemplates": {
                "application/json": ""
              }
            }
          ]
        },
        "ResourceId": {
          "Ref": "ApiGatewayResourceApiPrivate"
        },
        "RestApiId": {
          "Ref": "ApiGatewayRestApi"
        }
      }
    },
    "ApiGatewayMethodCandidatesPost": {
      "Type": "AWS::ApiGateway::Method",
      "Properties": {
        "HttpMethod": "POST",
        "RequestParameters": {},
        "ResourceId": {
          "Ref": "ApiGatewayResourceCandidates"
        },
        "RestApiId": {
          "Ref": "ApiGatewayRestApi"
        },
        "ApiKeyRequired": false,
        "AuthorizationType": "NONE",
        "Integration": {
          "IntegrationHttpMethod": "POST",
          "Type": "AWS_PROXY",
          "Uri": {
            "Fn::Join": [
              "",
              [
                "arn:",
                {
                  "Ref": "AWS::Partition"
                },
                ":apigateway:",
                {
                  "Ref": "AWS::Region"
                },
                ":lambda:path/2015-03-31/functions/",
                {
                  "Fn::GetAtt": [
                    "CandidateSubmissionLambdaFunction",
                    "Arn"
                  ]
                },
                "/invocations"
              ]
            ]
          }
        },
        "MethodResponses": []
      },
      "DependsOn": [
        "CandidateSubmissionLambdaPermissionApiGateway"
      ]
    },
    "ApiGatewayMethodCandidatesGet": {
      "Type": "AWS::ApiGateway::Method",
      "Properties": {
        "HttpMethod": "GET",
        "RequestParameters": {},
        "ResourceId": {
          "Ref": "ApiGatewayResourceCandidates"
        },
        "RestApiId": {
          "Ref": "ApiGatewayRestApi"
        },
        "ApiKeyRequired": false,
        "AuthorizationType": "COGNITO_USER_POOLS",
        "AuthorizerId": {
          "Ref": "PrivateAuthorizerApiGatewayAuthorizer"
        },
        "Integration": {
          "IntegrationHttpMethod": "POST",
          "Type": "AWS_PROXY",
          "Uri": {
            "Fn::Join": [
              "",
              [
                "arn:",
                {
                  "Ref": "AWS::Partition"
                },
                ":apigateway:",
                {
                  "Ref": "AWS::Region"
                },
                ":lambda:path/2015-03-31/functions/",
                {
                  "Fn::GetAtt": [
                    "ListCandidatesLambdaFunction",
                    "Arn"
                  ]
                },
                "/invocations"
              ]
            ]
          }
        },
        "MethodResponses": []
      },
      "DependsOn": "PrivateAuthorizerApiGatewayAuthorizer"
    },
    "ApiGatewayMethodCandidatesIdVarGet": {
      "Type": "AWS::ApiGateway::Method",
      "Properties": {
        "HttpMethod": "GET",
        "RequestParameters": {},
        "ResourceId": {
          "Ref": "ApiGatewayResourceCandidatesIdVar"
        },
        "RestApiId": {
          "Ref": "ApiGatewayRestApi"
        },
        "ApiKeyRequired": false,
        "AuthorizationType": "NONE",
        "Integration": {
          "IntegrationHttpMethod": "POST",
          "Type": "AWS_PROXY",
          "Uri": {
            "Fn::Join": [
              "",
              [
                "arn:",
                {
                  "Ref": "AWS::Partition"
                },
                ":apigateway:",
                {
                  "Ref": "AWS::Region"
                },
                ":lambda:path/2015-03-31/functions/",
                {
                  "Fn::GetAtt": [
                    "CandidateDetailsLambdaFunction",
                    "Arn"
                  ]
                },
                "/invocations"
              ]
            ]
          }
        },
        "MethodResponses": []
      },
      "DependsOn": [
        "CandidateDetailsLambdaPermissionApiGateway"
      ]
    },
    "ApiGatewayMethodApiLoginPost": {
      "Type": "AWS::ApiGateway::Method",
      "Properties": {
        "HttpMethod": "POST",
        "RequestParameters": {},
        "ResourceId": {
          "Ref": "ApiGatewayResourceApiLogin"
        },
        "RestApiId": {
          "Ref": "ApiGatewayRestApi"
        },
        "ApiKeyRequired": false,
        "AuthorizationType": "NONE",
        "Integration": {
          "IntegrationHttpMethod": "POST",
          "Type": "AWS_PROXY",
          "Uri": {
            "Fn::Join": [
              "",
              [
                "arn:",
                {
                  "Ref": "AWS::Partition"
                },
                ":apigateway:",
                {
                  "Ref": "AWS::Region"
                },
                ":lambda:path/2015-03-31/functions/",
                {
                  "Fn::GetAtt": [
                    "LoginUserLambdaFunction",
                    "Arn"
                  ]
                },
                "/invocations"
              ]
            ]
          }
        },
        "MethodResponses": []
      },
      "DependsOn": [
        "LoginUserLambdaPermissionApiGateway"
      ]
    },
    "ApiGatewayMethodApiSignupPost": {
      "Type": "AWS::ApiGateway::Method",
      "Properties": {
        "HttpMethod": "POST",
        "RequestParameters": {},
        "ResourceId": {
          "Ref": "ApiGatewayResourceApiSignup"
        },
        "RestApiId": {
          "Ref": "ApiGatewayRestApi"
        },
        "ApiKeyRequired": false,
        "AuthorizationType": "NONE",
        "Integration": {
          "IntegrationHttpMethod": "POST",
          "Type": "AWS_PROXY",
          "Uri": {
            "Fn::Join": [
              "",
              [
                "arn:",
                {
                  "Ref": "AWS::Partition"
                },
                ":apigateway:",
                {
                  "Ref": "AWS::Region"
                },
                ":lambda:path/2015-03-31/functions/",
                {
                  "Fn::GetAtt": [
                    "SignupUserLambdaFunction",
                    "Arn"
                  ]
                },
                "/invocations"
              ]
            ]
          }
        },
        "MethodResponses": []
      },
      "DependsOn": [
        "SignupUserLambdaPermissionApiGateway"
      ]
    },
    "ApiGatewayMethodApiPrivatePost": {
      "Type": "AWS::ApiGateway::Method",
      "Properties": {
        "HttpMethod": "POST",
        "RequestParameters": {},
        "ResourceId": {
          "Ref": "ApiGatewayResourceApiPrivate"
        },
        "RestApiId": {
          "Ref": "ApiGatewayRestApi"
        },
        "ApiKeyRequired": false,
        "AuthorizationType": "COGNITO_USER_POOLS",
        "AuthorizerId": {
          "Ref": "PrivateAuthorizerApiGatewayAuthorizer"
        },
        "Integration": {
          "IntegrationHttpMethod": "POST",
          "Type": "AWS_PROXY",
          "Uri": {
            "Fn::Join": [
              "",
              [
                "arn:",
                {
                  "Ref": "AWS::Partition"
                },
                ":apigateway:",
                {
                  "Ref": "AWS::Region"
                },
                ":lambda:path/2015-03-31/functions/",
                {
                  "Fn::GetAtt": [
                    "PrivateAPILambdaFunction",
                    "Arn"
                  ]
                },
                "/invocations"
              ]
            ]
          }
        },
        "MethodResponses": []
      },
      "DependsOn": "PrivateAuthorizerApiGatewayAuthorizer"
    },
    "PrivateAuthorizerApiGatewayAuthorizer": {
      "Type": "AWS::ApiGateway::Authorizer",
      "Properties": {
        "AuthorizerResultTtlInSeconds": 300,
        "IdentitySource": "method.request.header.Authorization",
        "Name": "PrivateAuthorizer",
        "RestApiId": {
          "Ref": "ApiGatewayRestApi"
        },
        "Type": "COGNITO_USER_POOLS",
        "ProviderARNs": [
          {
            "Fn::GetAtt": [
              "UserPool",
              "Arn"
            ],
            "claims": [
              "email"
            ]
          }
        ]
      }
    },
    "ApiGatewayDeployment1668308155251": {
      "Type": "AWS::ApiGateway::Deployment",
      "Properties": {
        "RestApiId": {
          "Ref": "ApiGatewayRestApi"
        },
        "StageName": "dev"
      },
      "DependsOn": [
        "ApiGatewayMethodCandidatesOptions",
        "ApiGatewayMethodApiLoginOptions",
        "ApiGatewayMethodApiSignupOptions",
        "ApiGatewayMethodApiPrivateOptions",
        "ApiGatewayMethodCandidatesPost",
        "ApiGatewayMethodCandidatesGet",
        "ApiGatewayMethodCandidatesIdVarGet",
        "ApiGatewayMethodApiLoginPost",
        "ApiGatewayMethodApiSignupPost",
        "ApiGatewayMethodApiPrivatePost"
      ]
    },
    "CandidateSubmissionLambdaPermissionApiGateway": {
      "Type": "AWS::Lambda::Permission",
      "Properties": {
        "FunctionName": {
          "Fn::GetAtt": [
            "CandidateSubmissionLambdaFunction",
            "Arn"
          ]
        },
        "Action": "lambda:InvokeFunction",
        "Principal": "apigateway.amazonaws.com",
        "SourceArn": {
          "Fn::Join": [
            "",
            [
              "arn:",
              {
                "Ref": "AWS::Partition"
              },
              ":execute-api:",
              {
                "Ref": "AWS::Region"
              },
              ":",
              {
                "Ref": "AWS::AccountId"
              },
              ":",
              {
                "Ref": "ApiGatewayRestApi"
              },
              "/*/*"
            ]
          ]
        }
      }
    },
    "ListCandidatesLambdaPermissionApiGateway": {
      "Type": "AWS::Lambda::Permission",
      "Properties": {
        "FunctionName": {
          "Fn::GetAtt": [
            "ListCandidatesLambdaFunction",
            "Arn"
          ]
        },
        "Action": "lambda:InvokeFunction",
        "Principal": "apigateway.amazonaws.com",
        "SourceArn": {
          "Fn::Join": [
            "",
            [
              "arn:",
              {
                "Ref": "AWS::Partition"
              },
              ":execute-api:",
              {
                "Ref": "AWS::Region"
              },
              ":",
              {
                "Ref": "AWS::AccountId"
              },
              ":",
              {
                "Ref": "ApiGatewayRestApi"
              },
              "/*/*"
            ]
          ]
        }
      }
    },
    "CandidateDetailsLambdaPermissionApiGateway": {
      "Type": "AWS::Lambda::Permission",
      "Properties": {
        "FunctionName": {
          "Fn::GetAtt": [
            "CandidateDetailsLambdaFunction",
            "Arn"
          ]
        },
        "Action": "lambda:InvokeFunction",
        "Principal": "apigateway.amazonaws.com",
        "SourceArn": {
          "Fn::Join": [
            "",
            [
              "arn:",
              {
                "Ref": "AWS::Partition"
              },
              ":execute-api:",
              {
                "Ref": "AWS::Region"
              },
              ":",
              {
                "Ref": "AWS::AccountId"
              },
              ":",
              {
                "Ref": "ApiGatewayRestApi"
              },
              "/*/*"
            ]
          ]
        }
      }
    },
    "LoginUserLambdaPermissionApiGateway": {
      "Type": "AWS::Lambda::Permission",
      "Properties": {
        "FunctionName": {
          "Fn::GetAtt": [
            "LoginUserLambdaFunction",
            "Arn"
          ]
        },
        "Action": "lambda:InvokeFunction",
        "Principal": "apigateway.amazonaws.com",
        "SourceArn": {
          "Fn::Join": [
            "",
            [
              "arn:",
              {
                "Ref": "AWS::Partition"
              },
              ":execute-api:",
              {
                "Ref": "AWS::Region"
              },
              ":",
              {
                "Ref": "AWS::AccountId"
              },
              ":",
              {
                "Ref": "ApiGatewayRestApi"
              },
              "/*/*"
            ]
          ]
        }
      }
    },
    "SignupUserLambdaPermissionApiGateway": {
      "Type": "AWS::Lambda::Permission",
      "Properties": {
        "FunctionName": {
          "Fn::GetAtt": [
            "SignupUserLambdaFunction",
            "Arn"
          ]
        },
        "Action": "lambda:InvokeFunction",
        "Principal": "apigateway.amazonaws.com",
        "SourceArn": {
          "Fn::Join": [
            "",
            [
              "arn:",
              {
                "Ref": "AWS::Partition"
              },
              ":execute-api:",
              {
                "Ref": "AWS::Region"
              },
              ":",
              {
                "Ref": "AWS::AccountId"
              },
              ":",
              {
                "Ref": "ApiGatewayRestApi"
              },
              "/*/*"
            ]
          ]
        }
      }
    },
    "PrivateAPILambdaPermissionApiGateway": {
      "Type": "AWS::Lambda::Permission",
      "Properties": {
        "FunctionName": {
          "Fn::GetAtt": [
            "PrivateAPILambdaFunction",
            "Arn"
          ]
        },
        "Action": "lambda:InvokeFunction",
        "Principal": "apigateway.amazonaws.com",
        "SourceArn": {
          "Fn::Join": [
            "",
            [
              "arn:",
              {
                "Ref": "AWS::Partition"
              },
              ":execute-api:",
              {
                "Ref": "AWS::Region"
              },
              ":",
              {
                "Ref": "AWS::AccountId"
              },
              ":",
              {
                "Ref": "ApiGatewayRestApi"
              },
              "/*/*"
            ]
          ]
        }
      }
    },
    "ApiGatewayLogGroup": {
      "Type": "AWS::Logs::LogGroup",
      "Properties": {
        "LogGroupName": "/aws/api-gateway/table-yes-project-dev"
      }
    },
    "CustomApiGatewayAccountCloudWatchRole": {
      "Type": "Custom::ApiGatewayAccountRole",
      "Version": 1,
      "Properties": {
        "ServiceToken": {
          "Fn::GetAtt": [
            "CustomDashresourceDashapigwDashcwDashroleLambdaFunction",
            "Arn"
          ]
        }
      }
    },
    "IamRoleCustomResourcesLambdaExecution": {
      "Type": "AWS::IAM::Role",
      "Properties": {
        "AssumeRolePolicyDocument": {
          "Version": "2012-10-17",
          "Statement": [
            {
              "Effect": "Allow",
              "Principal": {
                "Service": [
                  "lambda.amazonaws.com"
                ]
              },
              "Action": [
                "sts:AssumeRole"
              ]
            }
          ]
        },
        "Policies": [
          {
            "PolicyName": {
              "Fn::Join": [
                "-",
                [
                  "dev",
                  "table-yes-project",
                  "custom-resources-lambda"
                ]
              ]
            },
            "PolicyDocument": {
              "Version": "2012-10-17",
              "Statement": [
                {
                  "Effect": "Allow",
                  "Resource": {
                    "Fn::Join": [
                      ":",
                      [
                        "arn",
                        {
                          "Ref": "AWS::Partition"
                        },
                        "iam:",
                        {
                          "Ref": "AWS::AccountId"
                        },
                        "role/*"
                      ]
                    ]
                  },
                  "Action": [
                    "iam:AttachRolePolicy",
                    "iam:CreateRole",
                    "iam:ListAttachedRolePolicies",
                    "iam:PassRole"
                  ]
                },
                {
                  "Effect": "Allow",
                  "Resource": {
                    "Fn::Join": [
                      ":",
                      [
                        "arn",
                        {
                          "Ref": "AWS::Partition"
                        },
                        "apigateway:*::/account"
                      ]
                    ]
                  },
                  "Action": [
                    "apigateway:GET",
                    "apigateway:PATCH"
                  ]
                }
              ]
            }
          }
        ]
      }
    },
    "CustomDashresourceDashapigwDashcwDashroleLambdaFunction": {
      "Type": "AWS::Lambda::Function",
      "Properties": {
        "Code": {
          "S3Bucket": {
            "Ref": "ServerlessDeploymentBucket"
          },
          "S3Key": "serverless/table-yes-project/dev/1668308162317-2022-11-13T02:56:02.317Z/custom-resources.zip"
        },
        "FunctionName": "table-yes-project-dev-custom-resource-apigw-cw-role",
        "Handler": "api-gateway-cloud-watch-role/handler.handler",
        "MemorySize": 1024,
        "Runtime": "nodejs16.x",
        "Timeout": 180,
        "Role": {
          "Fn::GetAtt": [
            "IamRoleCustomResourcesLambdaExecution",
            "Arn"
          ]
        }
      },
      "DependsOn": [
        "IamRoleCustomResourcesLambdaExecution"
      ]
    },
    "HttpApi": {
      "Type": "AWS::ApiGatewayV2::Api",
      "Properties": {
        "Name": "dev-table-yes-project",
        "ProtocolType": "HTTP"
      }
    },
    "HttpApiLogGroup": {
      "Type": "AWS::Logs::LogGroup",
      "Properties": {
        "LogGroupName": "/aws/http-api/table-yes-project-dev"
      }
    },
    "HttpApiStage": {
      "Type": "AWS::ApiGatewayV2::Stage",
      "Properties": {
        "ApiId": {
          "Ref": "HttpApi"
        },
        "StageName": "$default",
        "AutoDeploy": true,
        "DefaultRouteSettings": {
          "DetailedMetricsEnabled": false
        },
        "AccessLogSettings": {
          "DestinationArn": {
            "Fn::GetAtt": [
              "HttpApiLogGroup",
              "Arn"
            ]
          },
          "Format": "{\"requestTime\":\"$context.requestTime\",\"requestId\":\"$context.requestId\",\"apiId\":\"$context.apiId\",\"resourcePath\":\"$context.routeKey\",\"path\":\"$context.path\",\"httpMethod\":\"$context.httpMethod\",\"stage\":\"$context.stage\",\"status\":\"$context.status\",\"integrationStatus\":\"$context.integrationStatus\",\"integrationLatency\":\"$context.integrationLatency\",\"responseLatency\":\"$context.responseLatency\",\"responseLength\":\"$context.responseLength\",\"errorMessage\":\"$context.error.message\",\"format\":\"SLS_HTTP_API_LOG\",\"version\":\"1.0.0\"}"
        }
      },
      "DependsOn": "HttpApiLogGroup"
    },
    "ApiLambdaPermissionHttpApi": {
      "Type": "AWS::Lambda::Permission",
      "Properties": {
        "FunctionName": {
          "Fn::GetAtt": [
            "ApiLambdaFunction",
            "Arn"
          ]
        },
        "Action": "lambda:InvokeFunction",
        "Principal": "apigateway.amazonaws.com",
        "SourceArn": {
          "Fn::Join": [
            "",
            [
              "arn:",
              {
                "Ref": "AWS::Partition"
              },
              ":execute-api:",
              {
                "Ref": "AWS::Region"
              },
              ":",
              {
                "Ref": "AWS::AccountId"
              },
              ":",
              {
                "Ref": "HttpApi"
              },
              "/*"
            ]
          ]
        }
      }
    },
    "HttpApiIntegrationApi": {
      "Type": "AWS::ApiGatewayV2::Integration",
      "Properties": {
        "ApiId": {
          "Ref": "HttpApi"
        },
        "IntegrationType": "AWS_PROXY",
        "IntegrationUri": {
          "Fn::GetAtt": [
            "ApiLambdaFunction",
            "Arn"
          ]
        },
        "PayloadFormatVersion": "2.0",
        "TimeoutInMillis": 30000
      }
    },
    "HttpApiRouteDefault": {
      "Type": "AWS::ApiGatewayV2::Route",
      "Properties": {
        "ApiId": {
          "Ref": "HttpApi"
        },
        "RouteKey": "$default",
        "Target": {
          "Fn::Join": [
            "/",
            [
              "integrations",
              {
                "Ref": "HttpApiIntegrationApi"
              }
            ]
          ]
        }
      },
      "DependsOn": "HttpApiIntegrationApi"
    },
    "UsersTable": {
      "Type": "AWS::DynamoDB::Table",
      "Properties": {
        "AttributeDefinitions": [
          {
            "AttributeName": "userId",
            "AttributeType": "S"
          }
        ],
        "KeySchema": [
          {
            "AttributeName": "userId",
            "KeyType": "HASH"
          }
        ],
        "BillingMode": "PAY_PER_REQUEST",
        "TableName": "users-table-dev"
      }
    },
    "CWLSubFilterApiLogGroupUsEast1": {
      "Type": "AWS::Logs::SubscriptionFilter",
      "Properties": {
        "DestinationArn": "arn:aws:logs:us-east-1:802587217904:destination:ef5717ae-18ab-4741-a54e-bcc458ddc002#ghnPmmjPGkSLhjsZ24#table-yes-project#dev",
        "FilterPattern": "?\"REPORT RequestId: \" ?\"SERVERLESS_ENTERPRISE\"",
        "LogGroupName": {
          "Ref": "ApiLogGroup"
        }
      }
    },
    "CWLSubFilterCandidateSubmissionLogGroupUsEast1": {
      "Type": "AWS::Logs::SubscriptionFilter",
      "Properties": {
        "DestinationArn": "arn:aws:logs:us-east-1:802587217904:destination:ef5717ae-18ab-4741-a54e-bcc458ddc002#ghnPmmjPGkSLhjsZ24#table-yes-project#dev",
        "FilterPattern": "?\"REPORT RequestId: \" ?\"SERVERLESS_ENTERPRISE\"",
        "LogGroupName": {
          "Ref": "CandidateSubmissionLogGroup"
        }
      }
    },
    "CWLSubFilterListCandidatesLogGroupUsEast1": {
      "Type": "AWS::Logs::SubscriptionFilter",
      "Properties": {
        "DestinationArn": "arn:aws:logs:us-east-1:802587217904:destination:ef5717ae-18ab-4741-a54e-bcc458ddc002#ghnPmmjPGkSLhjsZ24#table-yes-project#dev",
        "FilterPattern": "?\"REPORT RequestId: \" ?\"SERVERLESS_ENTERPRISE\"",
        "LogGroupName": {
          "Ref": "ListCandidatesLogGroup"
        }
      }
    },
    "CWLSubFilterCandidateDetailsLogGroupUsEast1": {
      "Type": "AWS::Logs::SubscriptionFilter",
      "Properties": {
        "DestinationArn": "arn:aws:logs:us-east-1:802587217904:destination:ef5717ae-18ab-4741-a54e-bcc458ddc002#ghnPmmjPGkSLhjsZ24#table-yes-project#dev",
        "FilterPattern": "?\"REPORT RequestId: \" ?\"SERVERLESS_ENTERPRISE\"",
        "LogGroupName": {
          "Ref": "CandidateDetailsLogGroup"
        }
      }
    },
    "CWLSubFilterLoginUserLogGroupUsEast1": {
      "Type": "AWS::Logs::SubscriptionFilter",
      "Properties": {
        "DestinationArn": "arn:aws:logs:us-east-1:802587217904:destination:ef5717ae-18ab-4741-a54e-bcc458ddc002#ghnPmmjPGkSLhjsZ24#table-yes-project#dev",
        "FilterPattern": "?\"REPORT RequestId: \" ?\"SERVERLESS_ENTERPRISE\"",
        "LogGroupName": {
          "Ref": "LoginUserLogGroup"
        }
      }
    },
    "CWLSubFilterSignupUserLogGroupUsEast1": {
      "Type": "AWS::Logs::SubscriptionFilter",
      "Properties": {
        "DestinationArn": "arn:aws:logs:us-east-1:802587217904:destination:ef5717ae-18ab-4741-a54e-bcc458ddc002#ghnPmmjPGkSLhjsZ24#table-yes-project#dev",
        "FilterPattern": "?\"REPORT RequestId: \" ?\"SERVERLESS_ENTERPRISE\"",
        "LogGroupName": {
          "Ref": "SignupUserLogGroup"
        }
      }
    },
    "CWLSubFilterPrivateAPILogGroupUsEast1": {
      "Type": "AWS::Logs::SubscriptionFilter",
      "Properties": {
        "DestinationArn": "arn:aws:logs:us-east-1:802587217904:destination:ef5717ae-18ab-4741-a54e-bcc458ddc002#ghnPmmjPGkSLhjsZ24#table-yes-project#dev",
        "FilterPattern": "?\"REPORT RequestId: \" ?\"SERVERLESS_ENTERPRISE\"",
        "LogGroupName": {
          "Ref": "PrivateAPILogGroup"
        }
      }
    },
    "CWLSubFilterApiGatewayLogGroupUsEast1": {
      "Type": "AWS::Logs::SubscriptionFilter",
      "Properties": {
        "DestinationArn": "arn:aws:logs:us-east-1:802587217904:destination:ef5717ae-18ab-4741-a54e-bcc458ddc002#ghnPmmjPGkSLhjsZ24#table-yes-project#dev",
        "FilterPattern": "\"SLS_ACCESS_LOG\"",
        "LogGroupName": {
          "Ref": "ApiGatewayLogGroup"
        }
      }
    },
    "CWLSubFilterHttpApiLogGroupUsEast1": {
      "Type": "AWS::Logs::SubscriptionFilter",
      "Properties": {
        "DestinationArn": "arn:aws:logs:us-east-1:802587217904:destination:ef5717ae-18ab-4741-a54e-bcc458ddc002#ghnPmmjPGkSLhjsZ24#table-yes-project#dev",
        "FilterPattern": "\"SLS_HTTP_API_LOG\"",
        "LogGroupName": {
          "Ref": "HttpApiLogGroup"
        }
      }
    }
  },
  "Outputs": {
    "ServerlessDeploymentBucketName": {
      "Value": {
        "Ref": "ServerlessDeploymentBucket"
      },
      "Export": {
        "Name": "sls-table-yes-project-dev-ServerlessDeploymentBucketName"
      }
    },
    "EnterpriseLogAccessIamRole": {
      "Value": {
        "Fn::GetAtt": [
          "EnterpriseLogAccessIamRole",
          "Arn"
        ]
      },
      "Export": {
        "Name": "sls-table-yes-project-dev-EnterpriseLogAccessIamRole"
      }
    },
    "ApiLambdaFunctionQualifiedArn": {
      "Description": "Current Lambda function version",
      "Value": {
        "Ref": "ApiLambdaVersionuGzTZoO3helbez3AcGj9W2gjaJCiqFLd0Ma3oCkKVE"
      },
      "Export": {
        "Name": "sls-table-yes-project-dev-ApiLambdaFunctionQualifiedArn"
      }
    },
    "CandidateSubmissionLambdaFunctionQualifiedArn": {
      "Description": "Current Lambda function version",
      "Value": {
        "Ref": "CandidateSubmissionLambdaVersion2TqOVCw1hQI43ijCIEK468m7mLpCf3aNRcsQrTXtSU"
      },
      "Export": {
        "Name": "sls-table-yes-project-dev-CandidateSubmissionLambdaFunctionQualifiedArn"
      }
    },
    "ListCandidatesLambdaFunctionQualifiedArn": {
      "Description": "Current Lambda function version",
      "Value": {
        "Ref": "ListCandidatesLambdaVersionUhV3sH6cdYrF3PNSaSTF9R90RFl65XtpZVutjQmI0"
      },
      "Export": {
        "Name": "sls-table-yes-project-dev-ListCandidatesLambdaFunctionQualifiedArn"
      }
    },
    "CandidateDetailsLambdaFunctionQualifiedArn": {
      "Description": "Current Lambda function version",
      "Value": {
        "Ref": "CandidateDetailsLambdaVersionoyVciL5qCaObJ1o5auKx2HdFmLeE39tSOxWjzc0Hw4"
      },
      "Export": {
        "Name": "sls-table-yes-project-dev-CandidateDetailsLambdaFunctionQualifiedArn"
      }
    },
    "LoginUserLambdaFunctionQualifiedArn": {
      "Description": "Current Lambda function version",
      "Value": {
        "Ref": "LoginUserLambdaVersionNGIlebBd4DtgF4XosbKWzdxgIOrxBgJKSzNevNpT8s"
      },
      "Export": {
        "Name": "sls-table-yes-project-dev-LoginUserLambdaFunctionQualifiedArn"
      }
    },
    "SignupUserLambdaFunctionQualifiedArn": {
      "Description": "Current Lambda function version",
      "Value": {
        "Ref": "SignupUserLambdaVersionu2g7lhQC0YsjDq1zAU17hokTIXZD5vaRPTBN3VgFAP4"
      },
      "Export": {
        "Name": "sls-table-yes-project-dev-SignupUserLambdaFunctionQualifiedArn"
      }
    },
    "PrivateAPILambdaFunctionQualifiedArn": {
      "Description": "Current Lambda function version",
      "Value": {
        "Ref": "PrivateAPILambdaVersionTWyDMi73sRoCTwnC4NSbQa4xUp0A1TsG5zXgnyAxcc"
      },
      "Export": {
        "Name": "sls-table-yes-project-dev-PrivateAPILambdaFunctionQualifiedArn"
      }
    },
    "ServiceEndpoint": {
      "Description": "URL of the service endpoint",
      "Value": {
        "Fn::Join": [
          "",
          [
            "https://",
            {
              "Ref": "ApiGatewayRestApi"
            },
            ".execute-api.",
            {
              "Ref": "AWS::Region"
            },
            ".",
            {
              "Ref": "AWS::URLSuffix"
            },
            "/dev"
          ]
        ]
      },
      "Export": {
        "Name": "sls-table-yes-project-dev-ServiceEndpoint"
      }
    },
    "HttpApiId": {
      "Description": "Id of the HTTP API",
      "Value": {
        "Ref": "HttpApi"
      },
      "Export": {
        "Name": "sls-table-yes-project-dev-HttpApiId"
      }
    },
    "HttpApiUrl": {
      "Description": "URL of the HTTP API",
      "Value": {
        "Fn::Join": [
          "",
          [
            "https://",
            {
              "Ref": "HttpApi"
            },
            ".execute-api.",
            {
              "Ref": "AWS::Region"
            },
            ".",
            {
              "Ref": "AWS::URLSuffix"
            }
          ]
        ]
      },
      "Export": {
        "Name": "sls-table-yes-project-dev-HttpApiUrl"
      }
    }
  }
}